pagina_slug,rol,sku,origen,src,bytes
bandeja-portacables,primaria,CT3111,3. BANDEJAS JPG/CT3111.jpg,/images/productos/bandeja-portacables.webp,43774
bandeja-portacables,variante,CT3011,3. BANDEJAS JPG/CT3011.jpg,/images/productos/bandeja-portacables-lisa-ct3011.webp,17550
bandeja-portacables,variante,CT3012,3. BANDEJAS JPG/CT3012.jpg,/images/productos/bandeja-portacables-lisa-ct3012.webp,23216
bandeja-portacables,variante,CT3112,3. BANDEJAS JPG/CT3112.jpg,/images/productos/bandeja-portacables-perforada-ct3112.webp,47712
bandeja-portacables,seccion-C,-,3. BANDEJAS JPG/_renombradas/seccion-bandeja-tipo-C.jpg,/images/productos/bandeja-portacables-seccion-c.webp,4222
bandeja-portacables,seccion-U,-,3. BANDEJAS JPG/_renombradas/seccion-bandeja-tipo-U.jpg,/images/productos/bandeja-portacables-seccion-u.webp,4180
bandeja-portacables,tapa,CT3211,3. BANDEJAS JPG/CT3211-A.jpg,/images/productos/bandeja-portacables-tapa.webp,18754
curva-de-descarga,primaria,CT3128,3. BANDEJAS JPG/_renombradas/REVISAR_CT3128-curva-descarga.jpg,/images/productos/curva-de-descarga.webp,18712
curva-de-descarga,tapa,CT3228,3. BANDEJAS JPG/CT3228.jpg,/images/productos/curva-de-descarga-tapa.webp,9902
curva-horizontal-45,primaria,CT3126,3. BANDEJAS JPG/LISTA FALTANTES/CT3126.PNG,/images/productos/curva-horizontal-45.webp,19682
curva-horizontal-90,primaria,CT3114,3. BANDEJAS JPG/CT3114.jpg,/images/productos/curva-horizontal-90.webp,30162
curva-horizontal-90,tapa,CT3214,3. BANDEJAS JPG/CT3214.jpg,/images/productos/curva-horizontal-90-tapa.webp,13014
curva-horizontal-recta-90,primaria,CT3117,3. BANDEJAS JPG/LISTA FALTANTES/CT3117.PNG,/images/productos/curva-horizontal-recta-90.webp,23794
curva-vertical-externa-45,primaria,CT3122,3. BANDEJAS JPG/LISTA FALTANTES/CT3122.PNG,/images/productos/curva-vertical-externa-45.webp,20112
curva-vertical-externa-90,primaria,CT3118,3. BANDEJAS JPG/CT3118.jpg,/images/productos/curva-vertical-externa-90.webp,20532
curva-vertical-externa-90,tapa,CT3218,3. BANDEJAS JPG/CT3218-ancho.jpg,/images/productos/curva-vertical-externa-90-tapa.webp,15520
curva-vertical-interna-45,primaria,CT3124,3. BANDEJAS JPG/LISTA FALTANTES/CT3124.PNG,/images/productos/curva-vertical-interna-45.webp,18534
curva-vertical-interna-90,primaria,CT3120,3. BANDEJAS JPG/CT3120.jpg,/images/productos/curva-vertical-interna-90.webp,23160
curva-vertical-interna-90,tapa,CT3220,3. BANDEJAS JPG/ct3220-ancho.jpg,/images/productos/curva-vertical-interna-90-tapa.webp,14532
desnivel-simple,primaria,CT3145,3. BANDEJAS JPG/LISTA FALTANTES/CT3145.PNG,/images/productos/desnivel-simple.webp,20084
desvio-horizontal-derecho,primaria,CT3147,3. BANDEJAS JPG/LISTA FALTANTES/CT3147.PNG,/images/productos/desvio-horizontal-derecho.webp,20506
desvio-horizontal-izquierdo,primaria,CT3149,3. BANDEJAS JPG/LISTA FALTANTES/CT3149.PNG,/images/productos/desvio-horizontal-izquierdo.webp,18120
final-de-tramo,primaria,CT3061,3. BANDEJAS JPG/LISTA FALTANTES/CT3061.PNG,/images/productos/final-de-tramo.webp,10520
final-de-tramo-descarga,primaria,CT3060,3. BANDEJAS JPG/LISTA FALTANTES/CT3060.PNG,/images/productos/final-de-tramo-descarga.webp,16154
kit-de-uniones,primaria,KIT3062,3. BANDEJAS JPG/_renombradas/KIT3062-50.jpg,/images/productos/kit-de-uniones.webp,20700
kit-de-uniones,variante-ala100,KIT3062,3. BANDEJAS JPG/_renombradas/KIT3062-100.jpg,/images/productos/kit-de-uniones-ala100.webp,25424
kit-de-uniones,variante-ala75,KIT3062,3. BANDEJAS JPG/_renombradas/KIT3062-75.jpg,/images/productos/kit-de-uniones-ala75.webp,23752
mano-francesa-simple,primaria,CT3069,3. BANDEJAS JPG/CT3069.JPG,/images/productos/mano-francesa-simple.webp,48742
mano-francesa-triangular,primaria,CT3071,3. BANDEJAS JPG/CT3071.jpg,/images/productos/mano-francesa-triangular.webp,27764
reduccion-central,primaria,CT3154,3. BANDEJAS JPG/CT3128.jpg,/images/productos/reduccion-central.webp,24562
reduccion-central,tapa,CT3254,3. BANDEJAS JPG/CT3254.jpg,/images/productos/reduccion-central-tapa.webp,13554
reduccion-lateral-derecha,primaria,CT3150,3. BANDEJAS JPG/CT3150.jpg,/images/productos/reduccion-lateral-derecha.webp,24528
reduccion-lateral-izquierda,primaria,CT3252,3. BANDEJAS JPG/CT3252.jpg,/images/productos/reduccion-lateral-izquierda.webp,14792
salida-horizontal-electroducto,primaria,CL5268-1,3. BANDEJAS JPG/CL5268.jpg,/images/productos/salida-horizontal-electroducto.webp,23660
salida-lateral-perfilado,primaria,CL5270,3. BANDEJAS JPG/_renombradas/CL5270.jpg,/images/productos/salida-lateral-perfilado.webp,39570
soporte-suspension-omega,primaria,CT3065,3. BANDEJAS JPG/_renombradas/CT3065.jpg,/images/productos/soporte-suspension-omega.webp,34344
soporte-suspension-tipo-a,primaria,CT3066,3. BANDEJAS JPG/CT3066.jpg,/images/productos/soporte-suspension-tipo-a.webp,34954
soporte-suspension-tipo-b,primaria,CT3067,3. BANDEJAS JPG/CT3067.jpg,/images/productos/soporte-suspension-tipo-b.webp,35098
soporte-travesano,primaria,CT3070,3. BANDEJAS JPG/CT3070.jpg,/images/productos/soporte-travesano.webp,32048
te-horizontal,primaria,CT3130,3. BANDEJAS JPG/CT3130.jpg,/images/productos/te-horizontal.webp,38402
te-horizontal,tapa,CT3230,3. BANDEJAS JPG/CT3230.jpg,/images/productos/te-horizontal-tapa.webp,14332
te-horizontal-recto,primaria,CT3132,3. BANDEJAS JPG/LISTA FALTANTES/CT3132.PNG,/images/productos/te-horizontal-recto.webp,19078
te-vertical-ascendente,primaria,CT3134,3. BANDEJAS JPG/LISTA FALTANTES/CT3134.PNG,/images/productos/te-vertical-ascendente.webp,19852
te-vertical-descarga,primaria,CT3136,3. BANDEJAS JPG/CT3136.jpg,/images/productos/te-vertical-descarga.webp,30378
te-vertical-descarga,tapa,CT3236,3. BANDEJAS JPG/CT3236.jpg,/images/productos/te-vertical-descarga-tapa.webp,18620
te-vertical-descarga-lateral,primaria,CT3138,3. BANDEJAS JPG/CT3138.jpg,/images/productos/te-vertical-descarga-lateral.webp,34574
te-vertical-descarga-lateral,tapa,CT3238,3. BANDEJAS JPG/_renombradas/CT3238.jpg,/images/productos/te-vertical-descarga-lateral-tapa.webp,21686
tramo-divisor,primaria,CT3064,3. BANDEJAS JPG/CT3064.jpg,/images/productos/tramo-divisor.webp,23848
union-cruzeta,primaria,CT3140,3. BANDEJAS JPG/CT3140.jpg,/images/productos/union-cruzeta.webp,37548
union-cruzeta,tapa,CT3240,3. BANDEJAS JPG/CT3240.jpg,/images/productos/union-cruzeta-tapa.webp,14492
union-cruzeta-recta,primaria,CT3142,3. BANDEJAS JPG/LISTA FALTANTES/CT3142.PNG,/images/productos/union-cruzeta-recta.webp,23506
union-interna,primaria,CT3063,3. BANDEJAS JPG/CT3063.jpg,/images/productos/union-interna.webp,32328
union-simple,primaria,CT3062,3. BANDEJAS JPG/CT3062.jpg,/images/productos/union-simple.webp,18076
caja-metalica-galvanizada,primaria,CS705025DC,6. CAJAS/CS80.jpg,/images/productos/caja-metalica-galvanizada.webp,19238
caja-metalica-galvanizada,variante-grande,CS1006025CC,6. CAJAS/CS120.jpg,/images/productos/caja-metalica-galvanizada-grande.webp,19668
caja-metalica-galvanizada,variante-chica,CS403020DC,6. CAJAS/CS50.jpg,/images/productos/caja-metalica-galvanizada-chica.webp,19396
caja-metalica-inox-304,primaria,CSX806030ED,6. CAJAS/CSX80.jpg,/images/productos/caja-metalica-inox-304.webp,99742
gabinete-modular-puerta-simple,primaria,PM1908080BC,7. GABINETES/PM19080.JPG,/images/productos/gabinete-modular-puerta-simple.webp,33142
gabinete-modular-puerta-simple,estructura,PML74,7. GABINETES/PLM80.jpg,/images/productos/gabinete-modular-estructura-800.webp,81946
gabinete-modular-puerta-doble,primaria,PM19012080BC,7. GABINETES/PM190120.JPG,/images/productos/gabinete-modular-puerta-doble.webp,34038
gabinete-modular-puerta-doble,estructura,PML114,7. GABINETES/PLM120.jpg,/images/productos/gabinete-modular-estructura-1200.webp,116290
placa-de-montaje-modular,primaria,PML114,7. GABINETES/PML.jpg,/images/productos/placa-de-montaje-modular.webp,22596
trillo-vertical-gabinete,primaria,PLT,7. GABINETES/PLT.jpg,/images/productos/trillo-vertical-gabinete.webp,32048
escalera-portacables,primaria,CL5011,4. ESCALERAS JPG/CL5011.jpg,/images/productos/escalera-portacables.webp,52768
escalera-portacables,variante,CLY5011,4. ESCALERAS JPG/CLY5011.jpg,/images/productos/escalera-portacables-sin-perforacion-cly5011.webp,52436
curva-horizontal-90-escalera,primaria,CL5016,4. ESCALERAS JPG/CL5016.jpg,/images/productos/curva-horizontal-90-escalera.webp,40162
curva-horizontal-recta-90-escalera,primaria,CL5018,4. ESCALERAS JPG/CL5018.jpg,/images/productos/curva-horizontal-recta-90-escalera.webp,45534
curva-horizontal-45-escalera,primaria,CL5020,4. ESCALERAS JPG/CL5020.jpg,/images/productos/curva-horizontal-45-escalera.webp,58338
curva-vertical-externa-90-escalera,primaria,CL5022,4. ESCALERAS JPG/CL5022.jpg,/images/productos/curva-vertical-externa-90-escalera.webp,52070
curva-vertical-interna-90-escalera,primaria,CL5024,4. ESCALERAS JPG/CL5024.jpg,/images/productos/curva-vertical-interna-90-escalera.webp,54262
curva-vertical-externa-45-escalera,primaria,CL5026,4. ESCALERAS JPG/CL5026.jpg,/images/productos/curva-vertical-externa-45-escalera.webp,74240
curva-vertical-interna-45-escalera,primaria,CL5028,4. ESCALERAS JPG/CL5028.jpg,/images/productos/curva-vertical-interna-45-escalera.webp,71800
curva-vertical-inversion-90-escalera,primaria,CL5074,4. ESCALERAS JPG/CL5074.jpg,/images/productos/curva-vertical-inversion-90-escalera.webp,56978
te-horizontal-escalera,primaria,CL5030,4. ESCALERAS JPG/CL5030.jpg,/images/productos/te-horizontal-escalera.webp,49652
te-horizontal-recto-escalera,primaria,CL5032,4. ESCALERAS JPG/CL5032.jpg,/images/productos/te-horizontal-recto-escalera.webp,49788
te-vertical-ascendente-escalera,primaria,CL5034,4. ESCALERAS JPG/CL5034.jpg,/images/productos/te-vertical-ascendente-escalera.webp,57654
te-vertical-descarga-escalera,primaria,CL5036,4. ESCALERAS JPG/CL5036.jpg,/images/productos/te-vertical-descarga-escalera.webp,56940
union-cruzeta-escalera,primaria,CL5038,4. ESCALERAS JPG/CL5038.jpg,/images/productos/union-cruzeta-escalera.webp,64242
union-cruzeta-recta-escalera,primaria,CL5040,4. ESCALERAS JPG/CL5040.jpg,/images/productos/union-cruzeta-recta-escalera.webp,66244
reduccion-central-escalera,primaria,CL5042,4. ESCALERAS JPG/CL5042.jpg,/images/productos/reduccion-central-escalera.webp,44550
reduccion-lateral-derecha-escalera,primaria,CL5044,4. ESCALERAS JPG/CL5044.jpg,/images/productos/reduccion-lateral-derecha-escalera.webp,37900
reduccion-lateral-izquierda-escalera,primaria,CL5046,4. ESCALERAS JPG/CL5046.jpg,/images/productos/reduccion-lateral-izquierda-escalera.webp,42016
acoplamiento-para-tablero-escalera,primaria,CL5056,4. ESCALERAS JPG/CL5056.jpg,/images/productos/acoplamiento-para-tablero-escalera.webp,35242
tramo-divisor-escalera,primaria,CL5259,4. ESCALERAS JPG/CL5259.jpg,/images/productos/tramo-divisor-escalera.webp,20628
union-simple-escalera,primaria,CL5264,4. ESCALERAS JPG/CL5264.jpg,/images/productos/union-simple-escalera.webp,5780
union-simple-escalera,variante-ala75,CL5265,4. ESCALERAS JPG/CL5265.jpg,/images/productos/union-simple-escalera-ala75.webp,7344
salida-lateral-perfilado-escalera,primaria,CL5270,4. ESCALERAS JPG/CL5270.jpg,/images/productos/salida-lateral-perfilado-escalera.webp,8044
soporte-suspension-escalera,primaria,CL5271,4. ESCALERAS JPG/CL5271.jpg,/images/productos/soporte-suspension-escalera.webp,31850
salida-horizontal-electroducto-escalera,primaria,CL5268,4. ESCALERAS JPG/CL5268.JPG,/images/productos/salida-horizontal-electroducto-escalera.webp,22256
salida-vertical-electroducto-escalera,primaria,CL5269,4. ESCALERAS JPG/CL5269.JPG,/images/productos/salida-vertical-electroducto-escalera.webp,45590
kit-de-uniones-escalera,primaria,KIT5262,4. ESCALERAS JPG/KIT3062-B.jpg,/images/productos/kit-de-uniones-escalera.webp,30838
kit-de-uniones-escalera,variante-ala75,KIT5262,4. ESCALERAS JPG/KIT3062-B(1).jpg,/images/productos/kit-de-uniones-escalera-ala75.webp,35470
kit-de-uniones-escalera,variante-ala100,KIT5262,4. ESCALERAS JPG/KIT3062-B(2).jpg,/images/productos/kit-de-uniones-escalera-ala100.webp,35596
bandeja-portacable-de-alambre,primaria,WTX7011,5. ALAMBRE/WTX7011.jpg,/images/productos/bandeja-portacable-de-alambre.webp,19270
bandeja-portacable-de-alambre,variante-wtx7111,WTX7111,5. ALAMBRE/WTX7111.jpg,/images/productos/bandeja-portacable-de-alambre-wtx7111.webp,34224
union-simple-alambre,primaria,WTX7062B,5. ALAMBRE/WTX7062.jpg,/images/productos/union-simple-alambre.webp,11962
kit-de-uniones-alambre,primaria,KITX7062B,5. ALAMBRE/KITX7062.jpg,/images/productos/kit-de-uniones-alambre.webp,53228
mano-francesa-triangular-alambre,primaria,WTX3071,5. ALAMBRE/WTX7071.jpg,/images/productos/mano-francesa-triangular-alambre.webp,43306
soporte-acople-vertical-alambre,primaria,WTX712164,5. ALAMBRE/WTX712164.jpg,/images/productos/soporte-acople-vertical-alambre.webp,33046
soporte-travesano-omega-alambre,primaria,WTX7120,5. ALAMBRE/WTX7120.JPG,/images/productos/soporte-travesano-omega-alambre.webp,68294
